{
    "accuracy": 0.6818181818181818,
    "precision": 0.8653846153846154,
    "recall": 0.6553571428571427,
    "f1": 0.6619351408825094,
    "fps": 68.39128377350136,
    "latency": 14.62174629316516,
    "confusion_matrix": [
        [
            4,
            1,
            0,
            0
        ],
        [
            0,
            6,
            0,
            0
        ],
        [
            0,
            3,
            1,
            0
        ],
        [
            0,
            3,
            0,
            4
        ]
    ]
}